{"initial_reset_timestamp": 7633.780043437, "timestamps": [7636.798855255], "episode_lengths": [200], "episode_rewards": [-1617.791215785501], "episode_types": ["t"]}